time,vehicle_id,start_node,end_node,route_nodes,route_names,real_distance,cost,objectives,total_spent_time,total_real_distance
00:00 ~ 00:59,0,17,17,17 -> 6 -> 7 -> 1 -> 18 -> 11 -> 16 -> 5 -> 0 -> 10 -> 14 -> 19 -> 15 -> 3 -> 13 -> 12 -> 2 -> 8 -> 9 -> 17,Depot_Kintex -> 서울 양천구 신정동 -> 서울 구로구 구로동 -> 서울 강서구 화곡동 -> Depot_Gwang_Myeong -> 경기 안양시 만안구 안양동 -> Depot_Beom_Gye -> 경기 안양시 동안구 평촌동 -> 경기 성남시 분당구 서현동 -> 경기 성남시 분당구 야탑동 -> Depot_Bundang_Townhall -> Depot_Incheon_Airport -> Depot_Gimpo_Airport -> 경기 부천시 오정동 -> 인천 계양구 계산동 -> 경기 부천시 중동 -> 서울 양천구 목동 -> 서울 강서구 등촌동 -> 서울 양천구 목동_1 -> Depot_Kintex,169739,89865,97865,1900,169739
01:00 ~ 01:59,0,17,17,17 -> 6 -> 7 -> 1 -> 2 -> 3 -> 13 -> 12 -> 18 -> 11 -> 16 -> 5 -> 0 -> 10 -> 14 -> 19 -> 15 -> 8 -> 9 -> 17,Depot_Kintex -> 서울 양천구 신정동 -> 서울 구로구 구로동 -> 서울 강서구 화곡동 -> 서울 양천구 목동 -> 경기 부천시 오정동 -> 인천 계양구 계산동 -> 경기 부천시 중동 -> Depot_Gwang_Myeong -> 경기 안양시 만안구 안양동 -> Depot_Beom_Gye -> 경기 안양시 동안구 평촌동 -> 경기 성남시 분당구 서현동 -> 경기 성남시 분당구 야탑동 -> Depot_Bundang_Townhall -> Depot_Incheon_Airport -> Depot_Gimpo_Airport -> 서울 강서구 등촌동 -> 서울 양천구 목동_1 -> Depot_Kintex,173819,94934,102934,1945,173819
02:00 ~ 02:59,0,17,17,17 -> 6 -> 7 -> 1 -> 18 -> 12 -> 13 -> 3 -> 15 -> 8 -> 2 -> 9 -> 17,Depot_Kintex -> 서울 양천구 신정동 -> 서울 구로구 구로동 -> 서울 강서구 화곡동 -> Depot_Gwang_Myeong -> 경기 부천시 중동 -> 인천 계양구 계산동 -> 경기 부천시 오정동 -> Depot_Gimpo_Airport -> 서울 강서구 등촌동 -> 서울 양천구 목동 -> 서울 양천구 목동_1 -> Depot_Kintex,43255,37726,101726,480,43255
03:00 ~ 03:59,0,17,17,17 -> 6 -> 7 -> 1 -> 18 -> 12 -> 13 -> 3 -> 15 -> 8 -> 2 -> 9 -> 17,Depot_Kintex -> 서울 양천구 신정동 -> 서울 구로구 구로동 -> 서울 강서구 화곡동 -> Depot_Gwang_Myeong -> 경기 부천시 중동 -> 인천 계양구 계산동 -> 경기 부천시 오정동 -> Depot_Gimpo_Airport -> 서울 강서구 등촌동 -> 서울 양천구 목동 -> 서울 양천구 목동_1 -> Depot_Kintex,43255,37482,101482,480,43255
04:00 ~ 04:59,0,17,17,17 -> 9 -> 8 -> 3 -> 12 -> 13 -> 15 -> 2 -> 18 -> 1 -> 7 -> 6 -> 17,Depot_Kintex -> 서울 양천구 목동_1 -> 서울 강서구 등촌동 -> 경기 부천시 오정동 -> 경기 부천시 중동 -> 인천 계양구 계산동 -> Depot_Gimpo_Airport -> 서울 양천구 목동 -> Depot_Gwang_Myeong -> 서울 강서구 화곡동 -> 서울 구로구 구로동 -> 서울 양천구 신정동 -> Depot_Kintex,48748,39285,103285,543,48748
05:00 ~ 05:59,0,17,17,17 -> 6 -> 7 -> 1 -> 18 -> 2 -> 12 -> 13 -> 3 -> 15 -> 8 -> 9 -> 17,Depot_Kintex -> 서울 양천구 신정동 -> 서울 구로구 구로동 -> 서울 강서구 화곡동 -> Depot_Gwang_Myeong -> 서울 양천구 목동 -> 경기 부천시 중동 -> 인천 계양구 계산동 -> 경기 부천시 오정동 -> Depot_Gimpo_Airport -> 서울 강서구 등촌동 -> 서울 양천구 목동_1 -> Depot_Kintex,43416,36848,100848,482,43416
06:00 ~ 06:59,0,17,17,17 -> 6 -> 7 -> 1 -> 2 -> 3 -> 13 -> 12 -> 18 -> 11 -> 16 -> 5 -> 0 -> 10 -> 14 -> 19 -> 15 -> 8 -> 9 -> 17,Depot_Kintex -> 서울 양천구 신정동 -> 서울 구로구 구로동 -> 서울 강서구 화곡동 -> 서울 양천구 목동 -> 경기 부천시 오정동 -> 인천 계양구 계산동 -> 경기 부천시 중동 -> Depot_Gwang_Myeong -> 경기 안양시 만안구 안양동 -> Depot_Beom_Gye -> 경기 안양시 동안구 평촌동 -> 경기 성남시 분당구 서현동 -> 경기 성남시 분당구 야탑동 -> Depot_Bundang_Townhall -> Depot_Incheon_Airport -> Depot_Gimpo_Airport -> 서울 강서구 등촌동 -> 서울 양천구 목동_1 -> Depot_Kintex,173819,94363,102363,1945,173819
07:00 ~ 07:59,0,17,17,17 -> 6 -> 7 -> 1 -> 18 -> 11 -> 16 -> 5 -> 0 -> 10 -> 14 -> 19 -> 15 -> 3 -> 13 -> 12 -> 2 -> 8 -> 9 -> 17,Depot_Kintex -> 서울 양천구 신정동 -> 서울 구로구 구로동 -> 서울 강서구 화곡동 -> Depot_Gwang_Myeong -> 경기 안양시 만안구 안양동 -> Depot_Beom_Gye -> 경기 안양시 동안구 평촌동 -> 경기 성남시 분당구 서현동 -> 경기 성남시 분당구 야탑동 -> Depot_Bundang_Townhall -> Depot_Incheon_Airport -> Depot_Gimpo_Airport -> 경기 부천시 오정동 -> 인천 계양구 계산동 -> 경기 부천시 중동 -> 서울 양천구 목동 -> 서울 강서구 등촌동 -> 서울 양천구 목동_1 -> Depot_Kintex,169739,88604,96604,1900,169739
08:00 ~ 08:59,0,17,17,17 -> 6 -> 7 -> 1 -> 18 -> 11 -> 16 -> 5 -> 0 -> 10 -> 14 -> 19 -> 13 -> 12 -> 3 -> 15 -> 8 -> 2 -> 9 -> 17,Depot_Kintex -> 서울 양천구 신정동 -> 서울 구로구 구로동 -> 서울 강서구 화곡동 -> Depot_Gwang_Myeong -> 경기 안양시 만안구 안양동 -> Depot_Beom_Gye -> 경기 안양시 동안구 평촌동 -> 경기 성남시 분당구 서현동 -> 경기 성남시 분당구 야탑동 -> Depot_Bundang_Townhall -> Depot_Incheon_Airport -> 인천 계양구 계산동 -> 경기 부천시 중동 -> 경기 부천시 오정동 -> Depot_Gimpo_Airport -> 서울 강서구 등촌동 -> 서울 양천구 목동 -> 서울 양천구 목동_1 -> Depot_Kintex,154132,86232,94232,1724,154132
09:00 ~ 09:59,0,17,17,17 -> 6 -> 7 -> 1 -> 18 -> 11 -> 16 -> 5 -> 0 -> 10 -> 14 -> 19 -> 13 -> 12 -> 3 -> 15 -> 8 -> 2 -> 9 -> 17,Depot_Kintex -> 서울 양천구 신정동 -> 서울 구로구 구로동 -> 서울 강서구 화곡동 -> Depot_Gwang_Myeong -> 경기 안양시 만안구 안양동 -> Depot_Beom_Gye -> 경기 안양시 동안구 평촌동 -> 경기 성남시 분당구 서현동 -> 경기 성남시 분당구 야탑동 -> Depot_Bundang_Townhall -> Depot_Incheon_Airport -> 인천 계양구 계산동 -> 경기 부천시 중동 -> 경기 부천시 오정동 -> Depot_Gimpo_Airport -> 서울 강서구 등촌동 -> 서울 양천구 목동 -> 서울 양천구 목동_1 -> Depot_Kintex,154132,82854,90854,1724,154132
10:00 ~ 10:59,0,17,17,17 -> 9 -> 8 -> 3 -> 12 -> 13 -> 15 -> 2 -> 18 -> 1 -> 7 -> 6 -> 17,Depot_Kintex -> 서울 양천구 목동_1 -> 서울 강서구 등촌동 -> 경기 부천시 오정동 -> 경기 부천시 중동 -> 인천 계양구 계산동 -> Depot_Gimpo_Airport -> 서울 양천구 목동 -> Depot_Gwang_Myeong -> 서울 강서구 화곡동 -> 서울 구로구 구로동 -> 서울 양천구 신정동 -> Depot_Kintex,48748,40483,104483,543,48748
11:00 ~ 11:59,0,17,17,17 -> 6 -> 7 -> 1 -> 18 -> 13 -> 12 -> 3 -> 15 -> 8 -> 2 -> 9 -> 17,Depot_Kintex -> 서울 양천구 신정동 -> 서울 구로구 구로동 -> 서울 강서구 화곡동 -> Depot_Gwang_Myeong -> 인천 계양구 계산동 -> 경기 부천시 중동 -> 경기 부천시 오정동 -> Depot_Gimpo_Airport -> 서울 강서구 등촌동 -> 서울 양천구 목동 -> 서울 양천구 목동_1 -> Depot_Kintex,44479,31227,95227,494,44479
12:00 ~ 12:59,0,17,17,17 -> 6 -> 7 -> 1 -> 18 -> 11 -> 16 -> 5 -> 10 -> 0 -> 14 -> 19 -> 13 -> 12 -> 3 -> 15 -> 8 -> 2 -> 9 -> 17,Depot_Kintex -> 서울 양천구 신정동 -> 서울 구로구 구로동 -> 서울 강서구 화곡동 -> Depot_Gwang_Myeong -> 경기 안양시 만안구 안양동 -> Depot_Beom_Gye -> 경기 안양시 동안구 평촌동 -> 경기 성남시 분당구 야탑동 -> 경기 성남시 분당구 서현동 -> Depot_Bundang_Townhall -> Depot_Incheon_Airport -> 인천 계양구 계산동 -> 경기 부천시 중동 -> 경기 부천시 오정동 -> Depot_Gimpo_Airport -> 서울 강서구 등촌동 -> 서울 양천구 목동 -> 서울 양천구 목동_1 -> Depot_Kintex,154728,81819,89819,1731,154728
13:00 ~ 13:59,0,17,17,17 -> 6 -> 7 -> 1 -> 18 -> 11 -> 16 -> 5 -> 10 -> 0 -> 14 -> 19 -> 13 -> 12 -> 3 -> 15 -> 8 -> 2 -> 9 -> 17,Depot_Kintex -> 서울 양천구 신정동 -> 서울 구로구 구로동 -> 서울 강서구 화곡동 -> Depot_Gwang_Myeong -> 경기 안양시 만안구 안양동 -> Depot_Beom_Gye -> 경기 안양시 동안구 평촌동 -> 경기 성남시 분당구 야탑동 -> 경기 성남시 분당구 서현동 -> Depot_Bundang_Townhall -> Depot_Incheon_Airport -> 인천 계양구 계산동 -> 경기 부천시 중동 -> 경기 부천시 오정동 -> Depot_Gimpo_Airport -> 서울 강서구 등촌동 -> 서울 양천구 목동 -> 서울 양천구 목동_1 -> Depot_Kintex,154728,81083,89083,1731,154728
14:00 ~ 14:59,0,17,17,17 -> 6 -> 7 -> 1 -> 18 -> 11 -> 16 -> 5 -> 0 -> 10 -> 14 -> 19 -> 13 -> 12 -> 3 -> 15 -> 8 -> 2 -> 9 -> 17,Depot_Kintex -> 서울 양천구 신정동 -> 서울 구로구 구로동 -> 서울 강서구 화곡동 -> Depot_Gwang_Myeong -> 경기 안양시 만안구 안양동 -> Depot_Beom_Gye -> 경기 안양시 동안구 평촌동 -> 경기 성남시 분당구 서현동 -> 경기 성남시 분당구 야탑동 -> Depot_Bundang_Townhall -> Depot_Incheon_Airport -> 인천 계양구 계산동 -> 경기 부천시 중동 -> 경기 부천시 오정동 -> Depot_Gimpo_Airport -> 서울 강서구 등촌동 -> 서울 양천구 목동 -> 서울 양천구 목동_1 -> Depot_Kintex,154132,81552,89552,1724,154132
15:00 ~ 15:59,0,17,17,17 -> 7 -> 1 -> 18 -> 13 -> 12 -> 3 -> 15 -> 8 -> 2 -> 9 -> 6 -> 17,Depot_Kintex -> 서울 구로구 구로동 -> 서울 강서구 화곡동 -> Depot_Gwang_Myeong -> 인천 계양구 계산동 -> 경기 부천시 중동 -> 경기 부천시 오정동 -> Depot_Gimpo_Airport -> 서울 강서구 등촌동 -> 서울 양천구 목동 -> 서울 양천구 목동_1 -> 서울 양천구 신정동 -> Depot_Kintex,44665,33433,97433,496,44665
16:00 ~ 16:59,0,17,17,17 -> 6 -> 7 -> 1 -> 18 -> 12 -> 13 -> 3 -> 15 -> 8 -> 2 -> 9 -> 17,Depot_Kintex -> 서울 양천구 신정동 -> 서울 구로구 구로동 -> 서울 강서구 화곡동 -> Depot_Gwang_Myeong -> 경기 부천시 중동 -> 인천 계양구 계산동 -> 경기 부천시 오정동 -> Depot_Gimpo_Airport -> 서울 강서구 등촌동 -> 서울 양천구 목동 -> 서울 양천구 목동_1 -> Depot_Kintex,43255,38182,102182,480,43255
17:00 ~ 17:59,0,17,17,17 -> 6 -> 7 -> 1 -> 18 -> 11 -> 16 -> 5 -> 0 -> 10 -> 14 -> 19 -> 13 -> 12 -> 3 -> 15 -> 8 -> 2 -> 9 -> 17,Depot_Kintex -> 서울 양천구 신정동 -> 서울 구로구 구로동 -> 서울 강서구 화곡동 -> Depot_Gwang_Myeong -> 경기 안양시 만안구 안양동 -> Depot_Beom_Gye -> 경기 안양시 동안구 평촌동 -> 경기 성남시 분당구 서현동 -> 경기 성남시 분당구 야탑동 -> Depot_Bundang_Townhall -> Depot_Incheon_Airport -> 인천 계양구 계산동 -> 경기 부천시 중동 -> 경기 부천시 오정동 -> Depot_Gimpo_Airport -> 서울 강서구 등촌동 -> 서울 양천구 목동 -> 서울 양천구 목동_1 -> Depot_Kintex,154132,84007,92007,1724,154132
18:00 ~ 18:59,0,17,17,17 -> 6 -> 7 -> 1 -> 18 -> 13 -> 12 -> 3 -> 15 -> 8 -> 2 -> 9 -> 17,Depot_Kintex -> 서울 양천구 신정동 -> 서울 구로구 구로동 -> 서울 강서구 화곡동 -> Depot_Gwang_Myeong -> 인천 계양구 계산동 -> 경기 부천시 중동 -> 경기 부천시 오정동 -> Depot_Gimpo_Airport -> 서울 강서구 등촌동 -> 서울 양천구 목동 -> 서울 양천구 목동_1 -> Depot_Kintex,44479,34328,98328,494,44479
19:00 ~ 19:59,0,17,17,17 -> 6 -> 7 -> 1 -> 18 -> 13 -> 12 -> 3 -> 15 -> 8 -> 2 -> 9 -> 17,Depot_Kintex -> 서울 양천구 신정동 -> 서울 구로구 구로동 -> 서울 강서구 화곡동 -> Depot_Gwang_Myeong -> 인천 계양구 계산동 -> 경기 부천시 중동 -> 경기 부천시 오정동 -> Depot_Gimpo_Airport -> 서울 강서구 등촌동 -> 서울 양천구 목동 -> 서울 양천구 목동_1 -> Depot_Kintex,44479,34202,98202,494,44479
20:00 ~ 20:59,0,17,17,17 -> 6 -> 7 -> 1 -> 18 -> 11 -> 16 -> 5 -> 0 -> 10 -> 14 -> 19 -> 13 -> 12 -> 3 -> 15 -> 8 -> 2 -> 9 -> 17,Depot_Kintex -> 서울 양천구 신정동 -> 서울 구로구 구로동 -> 서울 강서구 화곡동 -> Depot_Gwang_Myeong -> 경기 안양시 만안구 안양동 -> Depot_Beom_Gye -> 경기 안양시 동안구 평촌동 -> 경기 성남시 분당구 서현동 -> 경기 성남시 분당구 야탑동 -> Depot_Bundang_Townhall -> Depot_Incheon_Airport -> 인천 계양구 계산동 -> 경기 부천시 중동 -> 경기 부천시 오정동 -> Depot_Gimpo_Airport -> 서울 강서구 등촌동 -> 서울 양천구 목동 -> 서울 양천구 목동_1 -> Depot_Kintex,154132,84144,92144,1724,154132
21:00 ~ 21:59,0,17,17,17 -> 6 -> 7 -> 1 -> 18 -> 2 -> 12 -> 13 -> 3 -> 15 -> 8 -> 9 -> 17,Depot_Kintex -> 서울 양천구 신정동 -> 서울 구로구 구로동 -> 서울 강서구 화곡동 -> Depot_Gwang_Myeong -> 서울 양천구 목동 -> 경기 부천시 중동 -> 인천 계양구 계산동 -> 경기 부천시 오정동 -> Depot_Gimpo_Airport -> 서울 강서구 등촌동 -> 서울 양천구 목동_1 -> Depot_Kintex,43416,35954,99954,482,43416
22:00 ~ 22:59,0,17,17,17 -> 6 -> 7 -> 1 -> 18 -> 13 -> 12 -> 3 -> 15 -> 8 -> 2 -> 9 -> 17,Depot_Kintex -> 서울 양천구 신정동 -> 서울 구로구 구로동 -> 서울 강서구 화곡동 -> Depot_Gwang_Myeong -> 인천 계양구 계산동 -> 경기 부천시 중동 -> 경기 부천시 오정동 -> Depot_Gimpo_Airport -> 서울 강서구 등촌동 -> 서울 양천구 목동 -> 서울 양천구 목동_1 -> Depot_Kintex,44479,35675,99675,494,44479
23:00 ~ 23:59,0,17,17,17 -> 6 -> 7 -> 1 -> 18 -> 11 -> 16 -> 5 -> 0 -> 10 -> 14 -> 19 -> 13 -> 12 -> 3 -> 15 -> 8 -> 2 -> 9 -> 17,Depot_Kintex -> 서울 양천구 신정동 -> 서울 구로구 구로동 -> 서울 강서구 화곡동 -> Depot_Gwang_Myeong -> 경기 안양시 만안구 안양동 -> Depot_Beom_Gye -> 경기 안양시 동안구 평촌동 -> 경기 성남시 분당구 서현동 -> 경기 성남시 분당구 야탑동 -> Depot_Bundang_Townhall -> Depot_Incheon_Airport -> 인천 계양구 계산동 -> 경기 부천시 중동 -> 경기 부천시 오정동 -> Depot_Gimpo_Airport -> 서울 강서구 등촌동 -> 서울 양천구 목동 -> 서울 양천구 목동_1 -> Depot_Kintex,154132,86061,94061,1724,154132
