time,vehicle_id,start_node,end_node,route_nodes,route_names,real_distance,cost,objectives
00:00 ~ 00:59,0,19,19,19 -> 19,Depot_Incheon_Airport -> Depot_Incheon_Airport,0,0,92033
00:00 ~ 00:59,1,19,19,19 -> 15 -> 8 -> 2 -> 9 -> 17 -> 6 -> 7 -> 1 -> 18 -> 19,Depot_Incheon_Airport -> Depot_Gimpo_Airport -> 서울 강서구 등촌동 -> 서울 양천구 목동 -> 서울 양천구 목동_1 -> Depot_Kintex -> 서울 양천구 신정동 -> 서울 구로구 구로동 -> 서울 강서구 화곡동 -> Depot_Gwang_Myeong -> Depot_Incheon_Airport,90491,32033,92033
01:00 ~ 01:59,0,19,19,19 -> 19,Depot_Incheon_Airport -> Depot_Incheon_Airport,0,0,92009
01:00 ~ 01:59,1,19,19,19 -> 15 -> 8 -> 2 -> 9 -> 17 -> 6 -> 7 -> 1 -> 18 -> 19,Depot_Incheon_Airport -> Depot_Gimpo_Airport -> 서울 강서구 등촌동 -> 서울 양천구 목동 -> 서울 양천구 목동_1 -> Depot_Kintex -> 서울 양천구 신정동 -> 서울 구로구 구로동 -> 서울 강서구 화곡동 -> Depot_Gwang_Myeong -> Depot_Incheon_Airport,90491,32009,92009
02:00 ~ 02:59,0,19,19,19 -> 19,Depot_Incheon_Airport -> Depot_Incheon_Airport,0,0,92042
02:00 ~ 02:59,1,19,19,19 -> 15 -> 8 -> 2 -> 9 -> 17 -> 6 -> 7 -> 1 -> 18 -> 19,Depot_Incheon_Airport -> Depot_Gimpo_Airport -> 서울 강서구 등촌동 -> 서울 양천구 목동 -> 서울 양천구 목동_1 -> Depot_Kintex -> 서울 양천구 신정동 -> 서울 구로구 구로동 -> 서울 강서구 화곡동 -> Depot_Gwang_Myeong -> Depot_Incheon_Airport,90491,32042,92042
03:00 ~ 03:59,0,19,19,19 -> 19,Depot_Incheon_Airport -> Depot_Incheon_Airport,0,0,91899
03:00 ~ 03:59,1,19,19,19 -> 15 -> 8 -> 2 -> 9 -> 17 -> 6 -> 7 -> 1 -> 18 -> 19,Depot_Incheon_Airport -> Depot_Gimpo_Airport -> 서울 강서구 등촌동 -> 서울 양천구 목동 -> 서울 양천구 목동_1 -> Depot_Kintex -> 서울 양천구 신정동 -> 서울 구로구 구로동 -> 서울 강서구 화곡동 -> Depot_Gwang_Myeong -> Depot_Incheon_Airport,90491,31899,91899
04:00 ~ 04:59,0,19,19,19 -> 19,Depot_Incheon_Airport -> Depot_Incheon_Airport,0,0,90970
04:00 ~ 04:59,1,19,19,19 -> 15 -> 8 -> 3 -> 13 -> 12 -> 2 -> 9 -> 17 -> 6 -> 7 -> 1 -> 18 -> 19,Depot_Incheon_Airport -> Depot_Gimpo_Airport -> 서울 강서구 등촌동 -> 경기 부천시 오정동 -> 인천 계양구 계산동 -> 경기 부천시 중동 -> 서울 양천구 목동 -> 서울 양천구 목동_1 -> Depot_Kintex -> 서울 양천구 신정동 -> 서울 구로구 구로동 -> 서울 강서구 화곡동 -> Depot_Gwang_Myeong -> Depot_Incheon_Airport,110454,48970,90970
05:00 ~ 05:59,0,19,19,19 -> 19,Depot_Incheon_Airport -> Depot_Incheon_Airport,0,0,91487
05:00 ~ 05:59,1,19,19,19 -> 15 -> 8 -> 2 -> 9 -> 17 -> 6 -> 7 -> 1 -> 18 -> 19,Depot_Incheon_Airport -> Depot_Gimpo_Airport -> 서울 강서구 등촌동 -> 서울 양천구 목동 -> 서울 양천구 목동_1 -> Depot_Kintex -> 서울 양천구 신정동 -> 서울 구로구 구로동 -> 서울 강서구 화곡동 -> Depot_Gwang_Myeong -> Depot_Incheon_Airport,90491,31487,91487
06:00 ~ 06:59,0,19,19,19 -> 19,Depot_Incheon_Airport -> Depot_Incheon_Airport,0,0,92308
06:00 ~ 06:59,1,19,19,19 -> 15 -> 8 -> 2 -> 9 -> 17 -> 6 -> 7 -> 1 -> 18 -> 19,Depot_Incheon_Airport -> Depot_Gimpo_Airport -> 서울 강서구 등촌동 -> 서울 양천구 목동 -> 서울 양천구 목동_1 -> Depot_Kintex -> 서울 양천구 신정동 -> 서울 구로구 구로동 -> 서울 강서구 화곡동 -> Depot_Gwang_Myeong -> Depot_Incheon_Airport,90491,32308,92308
07:00 ~ 07:59,0,19,19,19 -> 19,Depot_Incheon_Airport -> Depot_Incheon_Airport,0,0,90820
07:00 ~ 07:59,1,19,19,19 -> 15 -> 8 -> 2 -> 9 -> 17 -> 6 -> 7 -> 1 -> 18 -> 19,Depot_Incheon_Airport -> Depot_Gimpo_Airport -> 서울 강서구 등촌동 -> 서울 양천구 목동 -> 서울 양천구 목동_1 -> Depot_Kintex -> 서울 양천구 신정동 -> 서울 구로구 구로동 -> 서울 강서구 화곡동 -> Depot_Gwang_Myeong -> Depot_Incheon_Airport,90491,30820,90820
08:00 ~ 08:59,0,19,19,19 -> 19,Depot_Incheon_Airport -> Depot_Incheon_Airport,0,0,88057
08:00 ~ 08:59,1,19,19,19 -> 15 -> 8 -> 2 -> 9 -> 17 -> 6 -> 7 -> 1 -> 18 -> 13 -> 12 -> 3 -> 19,Depot_Incheon_Airport -> Depot_Gimpo_Airport -> 서울 강서구 등촌동 -> 서울 양천구 목동 -> 서울 양천구 목동_1 -> Depot_Kintex -> 서울 양천구 신정동 -> 서울 구로구 구로동 -> 서울 강서구 화곡동 -> Depot_Gwang_Myeong -> 인천 계양구 계산동 -> 경기 부천시 중동 -> 경기 부천시 오정동 -> Depot_Incheon_Airport,100003,46057,88057
09:00 ~ 09:59,0,19,19,19 -> 19,Depot_Incheon_Airport -> Depot_Incheon_Airport,0,0,86350
09:00 ~ 09:59,1,19,19,19 -> 13 -> 12 -> 3 -> 15 -> 8 -> 2 -> 9 -> 17 -> 6 -> 7 -> 1 -> 18 -> 19,Depot_Incheon_Airport -> 인천 계양구 계산동 -> 경기 부천시 중동 -> 경기 부천시 오정동 -> Depot_Gimpo_Airport -> 서울 강서구 등촌동 -> 서울 양천구 목동 -> 서울 양천구 목동_1 -> Depot_Kintex -> 서울 양천구 신정동 -> 서울 구로구 구로동 -> 서울 강서구 화곡동 -> Depot_Gwang_Myeong -> Depot_Incheon_Airport,94727,44350,86350
10:00 ~ 10:59,0,19,19,19 -> 19,Depot_Incheon_Airport -> Depot_Incheon_Airport,0,0,92856
10:00 ~ 10:59,1,19,19,19 -> 15 -> 3 -> 13 -> 12 -> 2 -> 8 -> 9 -> 17 -> 6 -> 7 -> 1 -> 18 -> 19,Depot_Incheon_Airport -> Depot_Gimpo_Airport -> 경기 부천시 오정동 -> 인천 계양구 계산동 -> 경기 부천시 중동 -> 서울 양천구 목동 -> 서울 강서구 등촌동 -> 서울 양천구 목동_1 -> Depot_Kintex -> 서울 양천구 신정동 -> 서울 구로구 구로동 -> 서울 강서구 화곡동 -> Depot_Gwang_Myeong -> Depot_Incheon_Airport,110334,50856,92856
11:00 ~ 11:59,0,19,19,19 -> 19,Depot_Incheon_Airport -> Depot_Incheon_Airport,0,0,88049
11:00 ~ 11:59,1,19,19,19 -> 15 -> 3 -> 13 -> 12 -> 2 -> 8 -> 9 -> 17 -> 6 -> 7 -> 1 -> 18 -> 19,Depot_Incheon_Airport -> Depot_Gimpo_Airport -> 경기 부천시 오정동 -> 인천 계양구 계산동 -> 경기 부천시 중동 -> 서울 양천구 목동 -> 서울 강서구 등촌동 -> 서울 양천구 목동_1 -> Depot_Kintex -> 서울 양천구 신정동 -> 서울 구로구 구로동 -> 서울 강서구 화곡동 -> Depot_Gwang_Myeong -> Depot_Incheon_Airport,110334,46049,88049
12:00 ~ 12:59,0,19,19,19 -> 19,Depot_Incheon_Airport -> Depot_Incheon_Airport,0,0,85079
12:00 ~ 12:59,1,19,19,19 -> 13 -> 12 -> 3 -> 15 -> 8 -> 2 -> 9 -> 17 -> 6 -> 7 -> 1 -> 18 -> 19,Depot_Incheon_Airport -> 인천 계양구 계산동 -> 경기 부천시 중동 -> 경기 부천시 오정동 -> Depot_Gimpo_Airport -> 서울 강서구 등촌동 -> 서울 양천구 목동 -> 서울 양천구 목동_1 -> Depot_Kintex -> 서울 양천구 신정동 -> 서울 구로구 구로동 -> 서울 강서구 화곡동 -> Depot_Gwang_Myeong -> Depot_Incheon_Airport,94727,43079,85079
13:00 ~ 13:59,0,19,19,19 -> 19,Depot_Incheon_Airport -> Depot_Incheon_Airport,0,0,84678
13:00 ~ 13:59,1,19,19,19 -> 13 -> 12 -> 3 -> 15 -> 8 -> 2 -> 9 -> 17 -> 6 -> 7 -> 1 -> 18 -> 19,Depot_Incheon_Airport -> 인천 계양구 계산동 -> 경기 부천시 중동 -> 경기 부천시 오정동 -> Depot_Gimpo_Airport -> 서울 강서구 등촌동 -> 서울 양천구 목동 -> 서울 양천구 목동_1 -> Depot_Kintex -> 서울 양천구 신정동 -> 서울 구로구 구로동 -> 서울 강서구 화곡동 -> Depot_Gwang_Myeong -> Depot_Incheon_Airport,94727,42678,84678
14:00 ~ 14:59,0,19,19,19 -> 19,Depot_Incheon_Airport -> Depot_Incheon_Airport,0,0,85303
14:00 ~ 14:59,1,19,19,19 -> 13 -> 12 -> 3 -> 15 -> 8 -> 2 -> 9 -> 17 -> 6 -> 7 -> 1 -> 18 -> 19,Depot_Incheon_Airport -> 인천 계양구 계산동 -> 경기 부천시 중동 -> 경기 부천시 오정동 -> Depot_Gimpo_Airport -> 서울 강서구 등촌동 -> 서울 양천구 목동 -> 서울 양천구 목동_1 -> Depot_Kintex -> 서울 양천구 신정동 -> 서울 구로구 구로동 -> 서울 강서구 화곡동 -> Depot_Gwang_Myeong -> Depot_Incheon_Airport,94727,43303,85303
15:00 ~ 15:59,0,19,19,19 -> 19,Depot_Incheon_Airport -> Depot_Incheon_Airport,0,0,85184
15:00 ~ 15:59,1,19,19,19 -> 13 -> 12 -> 3 -> 15 -> 8 -> 2 -> 9 -> 6 -> 17 -> 7 -> 1 -> 18 -> 19,Depot_Incheon_Airport -> 인천 계양구 계산동 -> 경기 부천시 중동 -> 경기 부천시 오정동 -> Depot_Gimpo_Airport -> 서울 강서구 등촌동 -> 서울 양천구 목동 -> 서울 양천구 목동_1 -> 서울 양천구 신정동 -> Depot_Kintex -> 서울 구로구 구로동 -> 서울 강서구 화곡동 -> Depot_Gwang_Myeong -> Depot_Incheon_Airport,94913,43184,85184
16:00 ~ 16:59,0,19,19,19 -> 19,Depot_Incheon_Airport -> Depot_Incheon_Airport,0,0,92340
16:00 ~ 16:59,1,19,19,19 -> 15 -> 8 -> 2 -> 9 -> 17 -> 6 -> 7 -> 1 -> 18 -> 19,Depot_Incheon_Airport -> Depot_Gimpo_Airport -> 서울 강서구 등촌동 -> 서울 양천구 목동 -> 서울 양천구 목동_1 -> Depot_Kintex -> 서울 양천구 신정동 -> 서울 구로구 구로동 -> 서울 강서구 화곡동 -> Depot_Gwang_Myeong -> Depot_Incheon_Airport,90491,32340,92340
17:00 ~ 17:59,0,19,19,19 -> 19,Depot_Incheon_Airport -> Depot_Incheon_Airport,0,0,86833
17:00 ~ 17:59,1,19,19,19 -> 13 -> 12 -> 3 -> 15 -> 8 -> 2 -> 9 -> 17 -> 6 -> 7 -> 1 -> 18 -> 19,Depot_Incheon_Airport -> 인천 계양구 계산동 -> 경기 부천시 중동 -> 경기 부천시 오정동 -> Depot_Gimpo_Airport -> 서울 강서구 등촌동 -> 서울 양천구 목동 -> 서울 양천구 목동_1 -> Depot_Kintex -> 서울 양천구 신정동 -> 서울 구로구 구로동 -> 서울 강서구 화곡동 -> Depot_Gwang_Myeong -> Depot_Incheon_Airport,94727,44833,86833
18:00 ~ 18:59,0,19,19,19 -> 19,Depot_Incheon_Airport -> Depot_Incheon_Airport,0,0,86835
18:00 ~ 18:59,1,19,19,19 -> 13 -> 12 -> 3 -> 15 -> 8 -> 2 -> 9 -> 17 -> 6 -> 7 -> 1 -> 18 -> 19,Depot_Incheon_Airport -> 인천 계양구 계산동 -> 경기 부천시 중동 -> 경기 부천시 오정동 -> Depot_Gimpo_Airport -> 서울 강서구 등촌동 -> 서울 양천구 목동 -> 서울 양천구 목동_1 -> Depot_Kintex -> 서울 양천구 신정동 -> 서울 구로구 구로동 -> 서울 강서구 화곡동 -> Depot_Gwang_Myeong -> Depot_Incheon_Airport,94727,44835,86835
19:00 ~ 19:59,0,19,19,19 -> 19,Depot_Incheon_Airport -> Depot_Incheon_Airport,0,0,86812
19:00 ~ 19:59,1,19,19,19 -> 15 -> 8 -> 2 -> 9 -> 17 -> 6 -> 7 -> 1 -> 18 -> 13 -> 12 -> 3 -> 19,Depot_Incheon_Airport -> Depot_Gimpo_Airport -> 서울 강서구 등촌동 -> 서울 양천구 목동 -> 서울 양천구 목동_1 -> Depot_Kintex -> 서울 양천구 신정동 -> 서울 구로구 구로동 -> 서울 강서구 화곡동 -> Depot_Gwang_Myeong -> 인천 계양구 계산동 -> 경기 부천시 중동 -> 경기 부천시 오정동 -> Depot_Incheon_Airport,100003,44812,86812
20:00 ~ 20:59,0,19,19,19 -> 19,Depot_Incheon_Airport -> Depot_Incheon_Airport,0,0,86256
20:00 ~ 20:59,1,19,19,19 -> 15 -> 8 -> 2 -> 9 -> 17 -> 6 -> 7 -> 1 -> 18 -> 13 -> 12 -> 3 -> 19,Depot_Incheon_Airport -> Depot_Gimpo_Airport -> 서울 강서구 등촌동 -> 서울 양천구 목동 -> 서울 양천구 목동_1 -> Depot_Kintex -> 서울 양천구 신정동 -> 서울 구로구 구로동 -> 서울 강서구 화곡동 -> Depot_Gwang_Myeong -> 인천 계양구 계산동 -> 경기 부천시 중동 -> 경기 부천시 오정동 -> Depot_Incheon_Airport,100003,44256,86256
21:00 ~ 21:59,0,19,19,19 -> 19,Depot_Incheon_Airport -> Depot_Incheon_Airport,0,0,87124
21:00 ~ 21:59,1,19,19,19 -> 15 -> 8 -> 2 -> 9 -> 17 -> 6 -> 7 -> 1 -> 18 -> 13 -> 12 -> 3 -> 19,Depot_Incheon_Airport -> Depot_Gimpo_Airport -> 서울 강서구 등촌동 -> 서울 양천구 목동 -> 서울 양천구 목동_1 -> Depot_Kintex -> 서울 양천구 신정동 -> 서울 구로구 구로동 -> 서울 강서구 화곡동 -> Depot_Gwang_Myeong -> 인천 계양구 계산동 -> 경기 부천시 중동 -> 경기 부천시 오정동 -> Depot_Incheon_Airport,100003,45124,87124
22:00 ~ 22:59,0,19,19,19 -> 19,Depot_Incheon_Airport -> Depot_Incheon_Airport,0,0,91696
22:00 ~ 22:59,1,19,19,19 -> 15 -> 8 -> 2 -> 9 -> 17 -> 6 -> 7 -> 1 -> 18 -> 19,Depot_Incheon_Airport -> Depot_Gimpo_Airport -> 서울 강서구 등촌동 -> 서울 양천구 목동 -> 서울 양천구 목동_1 -> Depot_Kintex -> 서울 양천구 신정동 -> 서울 구로구 구로동 -> 서울 강서구 화곡동 -> Depot_Gwang_Myeong -> Depot_Incheon_Airport,90491,31696,91696
23:00 ~ 23:59,0,19,19,19 -> 19,Depot_Incheon_Airport -> Depot_Incheon_Airport,0,0,87900
23:00 ~ 23:59,1,19,19,19 -> 15 -> 8 -> 2 -> 9 -> 17 -> 6 -> 7 -> 1 -> 18 -> 13 -> 12 -> 3 -> 19,Depot_Incheon_Airport -> Depot_Gimpo_Airport -> 서울 강서구 등촌동 -> 서울 양천구 목동 -> 서울 양천구 목동_1 -> Depot_Kintex -> 서울 양천구 신정동 -> 서울 구로구 구로동 -> 서울 강서구 화곡동 -> Depot_Gwang_Myeong -> 인천 계양구 계산동 -> 경기 부천시 중동 -> 경기 부천시 오정동 -> Depot_Incheon_Airport,100003,45900,87900
