time,vehicle_id,start_node,end_node,route_nodes,route_names,real_distance,cost,total_real_distance,objectives
00:00 ~ 00:59,0,25,25,25 -> 19 -> 21 -> 15 -> 2 -> 9 -> 17 -> 23 -> 6 -> 7 -> 1 -> 18 -> 24 -> 25,Depot_Incheon_Airport -> Incheon_Airport -> Depot_Gimpo_Airport -> Gimpo_Airport -> 서울 양천구 목동 -> 서울 양천구 목동_1 -> Kintex -> Depot_Kintex -> 서울 양천구 신정동 -> 서울 구로구 구로동 -> 서울 강서구 화곡동 -> Gwang_Myeong -> Depot_Gwang_Myeong -> Depot_Incheon_Airport,86331,27808,37550,73308
01:00 ~ 01:59,0,25,25,25 -> 19 -> 21 -> 15 -> 2 -> 9 -> 17 -> 23 -> 6 -> 7 -> 1 -> 18 -> 24 -> 25,Depot_Incheon_Airport -> Incheon_Airport -> Depot_Gimpo_Airport -> Gimpo_Airport -> 서울 양천구 목동 -> 서울 양천구 목동_1 -> Kintex -> Depot_Kintex -> 서울 양천구 신정동 -> 서울 구로구 구로동 -> 서울 강서구 화곡동 -> Gwang_Myeong -> Depot_Gwang_Myeong -> Depot_Incheon_Airport,86331,27842,37550,73342
02:00 ~ 02:59,0,25,25,25 -> 19 -> 25,Depot_Incheon_Airport -> Incheon_Airport -> Depot_Incheon_Airport,0,0,0,84000
03:00 ~ 03:59,0,25,25,25 -> 19 -> 25,Depot_Incheon_Airport -> Incheon_Airport -> Depot_Incheon_Airport,0,0,0,84000
04:00 ~ 04:59,0,25,25,25 -> 19 -> 21 -> 15 -> 2 -> 9 -> 17 -> 23 -> 6 -> 7 -> 1 -> 18 -> 24 -> 25,Depot_Incheon_Airport -> Incheon_Airport -> Depot_Gimpo_Airport -> Gimpo_Airport -> 서울 양천구 목동 -> 서울 양천구 목동_1 -> Kintex -> Depot_Kintex -> 서울 양천구 신정동 -> 서울 구로구 구로동 -> 서울 강서구 화곡동 -> Gwang_Myeong -> Depot_Gwang_Myeong -> Depot_Incheon_Airport,86331,27319,37550,72819
05:00 ~ 05:59,0,25,25,25 -> 19 -> 21 -> 15 -> 2 -> 9 -> 17 -> 23 -> 6 -> 7 -> 1 -> 18 -> 24 -> 25,Depot_Incheon_Airport -> Incheon_Airport -> Depot_Gimpo_Airport -> Gimpo_Airport -> 서울 양천구 목동 -> 서울 양천구 목동_1 -> Kintex -> Depot_Kintex -> 서울 양천구 신정동 -> 서울 구로구 구로동 -> 서울 강서구 화곡동 -> Gwang_Myeong -> Depot_Gwang_Myeong -> Depot_Incheon_Airport,86331,27391,37550,72891
06:00 ~ 06:59,0,25,25,25 -> 19 -> 25,Depot_Incheon_Airport -> Incheon_Airport -> Depot_Incheon_Airport,0,0,0,84000
07:00 ~ 07:59,0,25,25,25 -> 19 -> 21 -> 15 -> 2 -> 9 -> 17 -> 23 -> 6 -> 7 -> 1 -> 18 -> 24 -> 25,Depot_Incheon_Airport -> Incheon_Airport -> Depot_Gimpo_Airport -> Gimpo_Airport -> 서울 양천구 목동 -> 서울 양천구 목동_1 -> Kintex -> Depot_Kintex -> 서울 양천구 신정동 -> 서울 구로구 구로동 -> 서울 강서구 화곡동 -> Gwang_Myeong -> Depot_Gwang_Myeong -> Depot_Incheon_Airport,86331,26384,37550,71884
08:00 ~ 08:59,0,25,25,25 -> 19 -> 25,Depot_Incheon_Airport -> Incheon_Airport -> Depot_Incheon_Airport,0,0,0,84000
09:00 ~ 09:59,0,25,25,25 -> 19 -> 21 -> 15 -> 2 -> 9 -> 17 -> 23 -> 6 -> 7 -> 1 -> 18 -> 24 -> 25,Depot_Incheon_Airport -> Incheon_Airport -> Depot_Gimpo_Airport -> Gimpo_Airport -> 서울 양천구 목동 -> 서울 양천구 목동_1 -> Kintex -> Depot_Kintex -> 서울 양천구 신정동 -> 서울 구로구 구로동 -> 서울 강서구 화곡동 -> Gwang_Myeong -> Depot_Gwang_Myeong -> Depot_Incheon_Airport,86331,27074,37550,72574
10:00 ~ 10:59,0,25,25,25 -> 19 -> 21 -> 15 -> 2 -> 9 -> 17 -> 23 -> 6 -> 7 -> 1 -> 18 -> 24 -> 25,Depot_Incheon_Airport -> Incheon_Airport -> Depot_Gimpo_Airport -> Gimpo_Airport -> 서울 양천구 목동 -> 서울 양천구 목동_1 -> Kintex -> Depot_Kintex -> 서울 양천구 신정동 -> 서울 구로구 구로동 -> 서울 강서구 화곡동 -> Gwang_Myeong -> Depot_Gwang_Myeong -> Depot_Incheon_Airport,86331,27201,37550,72701
11:00 ~ 11:59,0,25,25,25 -> 19 -> 21 -> 15 -> 8 -> 2 -> 9 -> 17 -> 23 -> 6 -> 7 -> 1 -> 18 -> 24 -> 25,Depot_Incheon_Airport -> Incheon_Airport -> Depot_Gimpo_Airport -> Gimpo_Airport -> 서울 강서구 등촌동 -> 서울 양천구 목동 -> 서울 양천구 목동_1 -> Kintex -> Depot_Kintex -> 서울 양천구 신정동 -> 서울 구로구 구로동 -> 서울 강서구 화곡동 -> Gwang_Myeong -> Depot_Gwang_Myeong -> Depot_Incheon_Airport,90491,29627,37550,71627
12:00 ~ 12:59,0,25,25,25 -> 19 -> 21 -> 15 -> 2 -> 9 -> 17 -> 23 -> 6 -> 7 -> 1 -> 18 -> 24 -> 25,Depot_Incheon_Airport -> Incheon_Airport -> Depot_Gimpo_Airport -> Gimpo_Airport -> 서울 양천구 목동 -> 서울 양천구 목동_1 -> Kintex -> Depot_Kintex -> 서울 양천구 신정동 -> 서울 구로구 구로동 -> 서울 강서구 화곡동 -> Gwang_Myeong -> Depot_Gwang_Myeong -> Depot_Incheon_Airport,86331,27292,37550,72792
13:00 ~ 13:59,0,25,25,25 -> 19 -> 13 -> 12 -> 3 -> 21 -> 15 -> 2 -> 9 -> 17 -> 23 -> 6 -> 7 -> 1 -> 18 -> 24 -> 25,Depot_Incheon_Airport -> Incheon_Airport -> 인천 계양구 계산동 -> 경기 부천시 중동 -> 경기 부천시 오정동 -> Depot_Gimpo_Airport -> Gimpo_Airport -> 서울 양천구 목동 -> 서울 양천구 목동_1 -> Kintex -> Depot_Kintex -> 서울 양천구 신정동 -> 서울 구로구 구로동 -> 서울 강서구 화곡동 -> Gwang_Myeong -> Depot_Gwang_Myeong -> Depot_Incheon_Airport,90567,37643,37550,72643
14:00 ~ 14:59,0,25,25,25 -> 19 -> 21 -> 15 -> 2 -> 9 -> 17 -> 23 -> 6 -> 7 -> 1 -> 18 -> 24 -> 16 -> 22 -> 5 -> 25,Depot_Incheon_Airport -> Incheon_Airport -> Depot_Gimpo_Airport -> Gimpo_Airport -> 서울 양천구 목동 -> 서울 양천구 목동_1 -> Kintex -> Depot_Kintex -> 서울 양천구 신정동 -> 서울 구로구 구로동 -> 서울 강서구 화곡동 -> Gwang_Myeong -> Depot_Gwang_Myeong -> Beom_Gye -> Depot_Beom_Gye -> 경기 안양시 동안구 평촌동 -> Depot_Incheon_Airport,109197,34606,47374,69606
15:00 ~ 15:59,0,25,25,25 -> 19 -> 21 -> 15 -> 2 -> 9 -> 17 -> 23 -> 6 -> 7 -> 1 -> 18 -> 24 -> 25,Depot_Incheon_Airport -> Incheon_Airport -> Depot_Gimpo_Airport -> Gimpo_Airport -> 서울 양천구 목동 -> 서울 양천구 목동_1 -> Kintex -> Depot_Kintex -> 서울 양천구 신정동 -> 서울 구로구 구로동 -> 서울 강서구 화곡동 -> Gwang_Myeong -> Depot_Gwang_Myeong -> Depot_Incheon_Airport,86331,28129,37550,73629
16:00 ~ 16:59,0,25,25,25 -> 19 -> 25,Depot_Incheon_Airport -> Incheon_Airport -> Depot_Incheon_Airport,0,0,0,84000
17:00 ~ 17:59,0,25,25,25 -> 19 -> 21 -> 15 -> 2 -> 9 -> 17 -> 23 -> 6 -> 7 -> 1 -> 18 -> 24 -> 25,Depot_Incheon_Airport -> Incheon_Airport -> Depot_Gimpo_Airport -> Gimpo_Airport -> 서울 양천구 목동 -> 서울 양천구 목동_1 -> Kintex -> Depot_Kintex -> 서울 양천구 신정동 -> 서울 구로구 구로동 -> 서울 강서구 화곡동 -> Gwang_Myeong -> Depot_Gwang_Myeong -> Depot_Incheon_Airport,86331,28086,37550,73586
18:00 ~ 18:59,0,25,25,25 -> 19 -> 21 -> 15 -> 2 -> 9 -> 17 -> 23 -> 6 -> 7 -> 1 -> 18 -> 24 -> 25,Depot_Incheon_Airport -> Incheon_Airport -> Depot_Gimpo_Airport -> Gimpo_Airport -> 서울 양천구 목동 -> 서울 양천구 목동_1 -> Kintex -> Depot_Kintex -> 서울 양천구 신정동 -> 서울 구로구 구로동 -> 서울 강서구 화곡동 -> Gwang_Myeong -> Depot_Gwang_Myeong -> Depot_Incheon_Airport,86331,28150,37550,73650
19:00 ~ 19:59,0,25,25,25 -> 19 -> 25,Depot_Incheon_Airport -> Incheon_Airport -> Depot_Incheon_Airport,0,0,0,84000
20:00 ~ 20:59,0,25,25,25 -> 19 -> 21 -> 15 -> 8 -> 2 -> 9 -> 17 -> 23 -> 6 -> 7 -> 1 -> 18 -> 24 -> 25,Depot_Incheon_Airport -> Incheon_Airport -> Depot_Gimpo_Airport -> Gimpo_Airport -> 서울 강서구 등촌동 -> 서울 양천구 목동 -> 서울 양천구 목동_1 -> Kintex -> Depot_Kintex -> 서울 양천구 신정동 -> 서울 구로구 구로동 -> 서울 강서구 화곡동 -> Gwang_Myeong -> Depot_Gwang_Myeong -> Depot_Incheon_Airport,90491,30061,37550,72061
21:00 ~ 21:59,0,25,25,25 -> 19 -> 21 -> 15 -> 2 -> 9 -> 17 -> 23 -> 6 -> 7 -> 1 -> 18 -> 24 -> 25,Depot_Incheon_Airport -> Incheon_Airport -> Depot_Gimpo_Airport -> Gimpo_Airport -> 서울 양천구 목동 -> 서울 양천구 목동_1 -> Kintex -> Depot_Kintex -> 서울 양천구 신정동 -> 서울 구로구 구로동 -> 서울 강서구 화곡동 -> Gwang_Myeong -> Depot_Gwang_Myeong -> Depot_Incheon_Airport,86331,26944,37550,72444
22:00 ~ 22:59,0,25,25,25 -> 19 -> 21 -> 15 -> 2 -> 9 -> 17 -> 23 -> 6 -> 7 -> 1 -> 18 -> 24 -> 25,Depot_Incheon_Airport -> Incheon_Airport -> Depot_Gimpo_Airport -> Gimpo_Airport -> 서울 양천구 목동 -> 서울 양천구 목동_1 -> Kintex -> Depot_Kintex -> 서울 양천구 신정동 -> 서울 구로구 구로동 -> 서울 강서구 화곡동 -> Gwang_Myeong -> Depot_Gwang_Myeong -> Depot_Incheon_Airport,86331,27477,37550,72977
23:00 ~ 23:59,0,25,25,25 -> 19 -> 21 -> 15 -> 2 -> 9 -> 17 -> 23 -> 6 -> 7 -> 1 -> 18 -> 24 -> 25,Depot_Incheon_Airport -> Incheon_Airport -> Depot_Gimpo_Airport -> Gimpo_Airport -> 서울 양천구 목동 -> 서울 양천구 목동_1 -> Kintex -> Depot_Kintex -> 서울 양천구 신정동 -> 서울 구로구 구로동 -> 서울 강서구 화곡동 -> Gwang_Myeong -> Depot_Gwang_Myeong -> Depot_Incheon_Airport,86331,27475,37550,72975
