time,vehicle_id,start_node,end_node,route_nodes,route_names,real_distance,cost,objectives,total_real_distance
00:00 ~ 00:59,0,18,18,18 -> 1 -> 6 -> 17 -> 9 -> 7 -> 18,Depot_Gwang_Myeong -> 서울 강서구 화곡동 -> 서울 양천구 신정동 -> Depot_Kintex -> 서울 양천구 목동_1 -> 서울 구로구 구로동 -> Depot_Gwang_Myeong,13584,12975,61975,13584
01:00 ~ 01:59,0,18,18,18 -> 15 -> 2 -> 9 -> 17 -> 6 -> 7 -> 1 -> 18,Depot_Gwang_Myeong -> Depot_Gimpo_Airport -> 서울 양천구 목동 -> 서울 양천구 목동_1 -> Depot_Kintex -> 서울 양천구 신정동 -> 서울 구로구 구로동 -> 서울 강서구 화곡동 -> Depot_Gwang_Myeong,24637,17066,59066,24637
02:00 ~ 02:59,0,18,18,18 -> 15 -> 2 -> 9 -> 17 -> 6 -> 7 -> 1 -> 18,Depot_Gwang_Myeong -> Depot_Gimpo_Airport -> 서울 양천구 목동 -> 서울 양천구 목동_1 -> Depot_Kintex -> 서울 양천구 신정동 -> 서울 구로구 구로동 -> 서울 강서구 화곡동 -> Depot_Gwang_Myeong,24637,17077,59077,24637
03:00 ~ 03:59,0,18,18,18 -> 15 -> 2 -> 9 -> 17 -> 6 -> 7 -> 1 -> 18,Depot_Gwang_Myeong -> Depot_Gimpo_Airport -> 서울 양천구 목동 -> 서울 양천구 목동_1 -> Depot_Kintex -> 서울 양천구 신정동 -> 서울 구로구 구로동 -> 서울 강서구 화곡동 -> Depot_Gwang_Myeong,24637,16968,58968,24637
04:00 ~ 04:59,0,18,18,18 -> 15 -> 2 -> 9 -> 17 -> 6 -> 7 -> 1 -> 18,Depot_Gwang_Myeong -> Depot_Gimpo_Airport -> 서울 양천구 목동 -> 서울 양천구 목동_1 -> Depot_Kintex -> 서울 양천구 신정동 -> 서울 구로구 구로동 -> 서울 강서구 화곡동 -> Depot_Gwang_Myeong,24637,16596,58596,24637
05:00 ~ 05:59,0,18,18,18 -> 15 -> 2 -> 9 -> 17 -> 6 -> 7 -> 1 -> 18,Depot_Gwang_Myeong -> Depot_Gimpo_Airport -> 서울 양천구 목동 -> 서울 양천구 목동_1 -> Depot_Kintex -> 서울 양천구 신정동 -> 서울 구로구 구로동 -> 서울 강서구 화곡동 -> Depot_Gwang_Myeong,24637,16625,58625,24637
06:00 ~ 06:59,0,18,18,18 -> 15 -> 2 -> 9 -> 17 -> 6 -> 7 -> 1 -> 18,Depot_Gwang_Myeong -> Depot_Gimpo_Airport -> 서울 양천구 목동 -> 서울 양천구 목동_1 -> Depot_Kintex -> 서울 양천구 신정동 -> 서울 구로구 구로동 -> 서울 강서구 화곡동 -> Depot_Gwang_Myeong,24637,17273,59273,24637
07:00 ~ 07:59,0,18,18,18 -> 18,Depot_Gwang_Myeong -> Depot_Gwang_Myeong,0,0,66500,0
08:00 ~ 08:59,0,18,18,18 -> 15 -> 2 -> 9 -> 17 -> 6 -> 7 -> 1 -> 18,Depot_Gwang_Myeong -> Depot_Gimpo_Airport -> 서울 양천구 목동 -> 서울 양천구 목동_1 -> Depot_Kintex -> 서울 양천구 신정동 -> 서울 구로구 구로동 -> 서울 강서구 화곡동 -> Depot_Gwang_Myeong,24637,17317,59317,24637
09:00 ~ 09:59,0,18,18,18 -> 15 -> 2 -> 9 -> 17 -> 6 -> 7 -> 1 -> 18,Depot_Gwang_Myeong -> Depot_Gimpo_Airport -> 서울 양천구 목동 -> 서울 양천구 목동_1 -> Depot_Kintex -> 서울 양천구 신정동 -> 서울 구로구 구로동 -> 서울 강서구 화곡동 -> Depot_Gwang_Myeong,24637,17293,59293,24637
10:00 ~ 10:59,0,18,18,18 -> 15 -> 2 -> 9 -> 17 -> 6 -> 7 -> 1 -> 18,Depot_Gwang_Myeong -> Depot_Gimpo_Airport -> 서울 양천구 목동 -> 서울 양천구 목동_1 -> Depot_Kintex -> 서울 양천구 신정동 -> 서울 구로구 구로동 -> 서울 강서구 화곡동 -> Depot_Gwang_Myeong,24637,17294,59294,24637
11:00 ~ 11:59,0,18,18,18 -> 18,Depot_Gwang_Myeong -> Depot_Gwang_Myeong,0,0,66500,0
12:00 ~ 12:59,0,18,18,18 -> 18,Depot_Gwang_Myeong -> Depot_Gwang_Myeong,0,0,66500,0
13:00 ~ 13:59,0,18,18,18 -> 15 -> 2 -> 9 -> 17 -> 6 -> 7 -> 1 -> 18,Depot_Gwang_Myeong -> Depot_Gimpo_Airport -> 서울 양천구 목동 -> 서울 양천구 목동_1 -> Depot_Kintex -> 서울 양천구 신정동 -> 서울 구로구 구로동 -> 서울 강서구 화곡동 -> Depot_Gwang_Myeong,24637,17306,59306,24637
14:00 ~ 14:59,0,18,18,18 -> 18,Depot_Gwang_Myeong -> Depot_Gwang_Myeong,0,0,66500,0
15:00 ~ 15:59,0,18,18,18 -> 15 -> 2 -> 9 -> 6 -> 17 -> 7 -> 1 -> 18,Depot_Gwang_Myeong -> Depot_Gimpo_Airport -> 서울 양천구 목동 -> 서울 양천구 목동_1 -> 서울 양천구 신정동 -> Depot_Kintex -> 서울 구로구 구로동 -> 서울 강서구 화곡동 -> Depot_Gwang_Myeong,24823,17250,59250,24823
16:00 ~ 16:59,0,18,18,18 -> 15 -> 2 -> 9 -> 17 -> 6 -> 7 -> 1 -> 18,Depot_Gwang_Myeong -> Depot_Gimpo_Airport -> 서울 양천구 목동 -> 서울 양천구 목동_1 -> Depot_Kintex -> 서울 양천구 신정동 -> 서울 구로구 구로동 -> 서울 강서구 화곡동 -> Depot_Gwang_Myeong,24637,17323,59323,24637
17:00 ~ 17:59,0,18,18,18 -> 18,Depot_Gwang_Myeong -> Depot_Gwang_Myeong,0,0,66500,0
18:00 ~ 18:59,0,18,18,18 -> 18,Depot_Gwang_Myeong -> Depot_Gwang_Myeong,0,0,66500,0
19:00 ~ 19:59,0,18,18,18 -> 15 -> 2 -> 9 -> 17 -> 6 -> 7 -> 1 -> 18,Depot_Gwang_Myeong -> Depot_Gimpo_Airport -> 서울 양천구 목동 -> 서울 양천구 목동_1 -> Depot_Kintex -> 서울 양천구 신정동 -> 서울 구로구 구로동 -> 서울 강서구 화곡동 -> Depot_Gwang_Myeong,24637,17282,59282,24637
20:00 ~ 20:59,0,18,18,18 -> 15 -> 8 -> 2 -> 9 -> 17 -> 6 -> 7 -> 1 -> 18,Depot_Gwang_Myeong -> Depot_Gimpo_Airport -> 서울 강서구 등촌동 -> 서울 양천구 목동 -> 서울 양천구 목동_1 -> Depot_Kintex -> 서울 양천구 신정동 -> 서울 구로구 구로동 -> 서울 강서구 화곡동 -> Depot_Gwang_Myeong,28797,19847,58347,28797
21:00 ~ 21:59,0,18,18,18 -> 15 -> 2 -> 9 -> 17 -> 6 -> 7 -> 1 -> 18,Depot_Gwang_Myeong -> Depot_Gimpo_Airport -> 서울 양천구 목동 -> 서울 양천구 목동_1 -> Depot_Kintex -> 서울 양천구 신정동 -> 서울 구로구 구로동 -> 서울 강서구 화곡동 -> Depot_Gwang_Myeong,24637,16708,58708,24637
22:00 ~ 22:59,0,18,18,18 -> 15 -> 2 -> 9 -> 17 -> 6 -> 7 -> 1 -> 18,Depot_Gwang_Myeong -> Depot_Gimpo_Airport -> 서울 양천구 목동 -> 서울 양천구 목동_1 -> Depot_Kintex -> 서울 양천구 신정동 -> 서울 구로구 구로동 -> 서울 강서구 화곡동 -> Depot_Gwang_Myeong,24637,16879,58879,24637
23:00 ~ 23:59,0,18,18,18 -> 15 -> 2 -> 9 -> 17 -> 6 -> 7 -> 1 -> 18,Depot_Gwang_Myeong -> Depot_Gimpo_Airport -> 서울 양천구 목동 -> 서울 양천구 목동_1 -> Depot_Kintex -> 서울 양천구 신정동 -> 서울 구로구 구로동 -> 서울 강서구 화곡동 -> Depot_Gwang_Myeong,24637,16881,58881,24637
